{"v":"5.2.1","fr":30,"ip":0,"op":24,"w":620,"h":420,"nm":"shake序列帧导lottie","ddd":0,"assets":[{"id":"image_0","w":620,"h":420,"u":"images/","p":"img_0.png","e":0},{"id":"image_1","w":620,"h":420,"u":"images/","p":"img_1.png","e":0},{"id":"image_2","w":620,"h":420,"u":"images/","p":"img_2.png","e":0},{"id":"image_3","w":620,"h":420,"u":"images/","p":"img_3.png","e":0},{"id":"image_4","w":620,"h":420,"u":"images/","p":"img_4.png","e":0},{"id":"image_5","w":620,"h":420,"u":"images/","p":"img_5.png","e":0},{"id":"image_6","w":620,"h":420,"u":"images/","p":"img_6.png","e":0},{"id":"image_7","w":620,"h":420,"u":"images/","p":"img_7.png","e":0},{"id":"image_8","w":620,"h":420,"u":"images/","p":"img_8.png","e":0},{"id":"image_9","w":620,"h":420,"u":"images/","p":"img_9.png","e":0},{"id":"image_10","w":620,"h":420,"u":"images/","p":"img_10.png","e":0},{"id":"image_11","w":620,"h":420,"u":"images/","p":"img_11.png","e":0},{"id":"image_12","w":620,"h":420,"u":"images/","p":"img_12.png","e":0},{"id":"image_13","w":620,"h":420,"u":"images/","p":"img_13.png","e":0},{"id":"image_14","w":620,"h":420,"u":"images/","p":"img_14.png","e":0},{"id":"image_15","w":620,"h":420,"u":"images/","p":"img_15.png","e":0},{"id":"image_16","w":620,"h":420,"u":"images/","p":"img_16.png","e":0},{"id":"image_17","w":620,"h":420,"u":"images/","p":"img_17.png","e":0},{"id":"image_18","w":620,"h":420,"u":"images/","p":"img_18.png","e":0},{"id":"image_19","w":620,"h":420,"u":"images/","p":"img_19.png","e":0},{"id":"image_20","w":620,"h":420,"u":"images/","p":"img_20.png","e":0},{"id":"image_21","w":620,"h":420,"u":"images/","p":"img_21.png","e":0},{"id":"image_22","w":620,"h":420,"u":"images/","p":"img_22.png","e":0},{"id":"image_23","w":620,"h":420,"u":"images/","p":"img_23.png","e":0}],"layers":[{"ddd":0,"ind":1,"ty":2,"nm":"shake_0.png","cl":"png","refId":"image_0","sr":1,"ks":{"o":{"a":0,"k":100,"ix":11},"r":{"a":0,"k":0,"ix":10},"p":{"a":0,"k":[310,210,0],"ix":2},"a":{"a":0,"k":[310,210,0],"ix":1},"s":{"a":0,"k":[100,100,100],"ix":6}},"ao":0,"ip":0,"op":1,"st":0,"bm":0},{"ddd":0,"ind":2,"ty":2,"nm":"shake_1.png","cl":"png","refId":"image_1","sr":1,"ks":{"o":{"a":0,"k":100,"ix":11},"r":{"a":0,"k":0,"ix":10},"p":{"a":0,"k":[310,210,0],"ix":2},"a":{"a":0,"k":[310,210,0],"ix":1},"s":{"a":0,"k":[100,100,100],"ix":6}},"ao":0,"ip":1,"op":2,"st":1,"bm":0},{"ddd":0,"ind":3,"ty":2,"nm":"shake_2.png","cl":"png","refId":"image_2","sr":1,"ks":{"o":{"a":0,"k":100,"ix":11},"r":{"a":0,"k":0,"ix":10},"p":{"a":0,"k":[310,210,0],"ix":2},"a":{"a":0,"k":[310,210,0],"ix":1},"s":{"a":0,"k":[100,100,100],"ix":6}},"ao":0,"ip":2,"op":3,"st":2,"bm":0},{"ddd":0,"ind":4,"ty":2,"nm":"shake_3.png","cl":"png","refId":"image_3","sr":1,"ks":{"o":{"a":0,"k":100,"ix":11},"r":{"a":0,"k":0,"ix":10},"p":{"a":0,"k":[310,210,0],"ix":2},"a":{"a":0,"k":[310,210,0],"ix":1},"s":{"a":0,"k":[100,100,100],"ix":6}},"ao":0,"ip":3,"op":4,"st":3,"bm":0},{"ddd":0,"ind":5,"ty":2,"nm":"shake_4.png","cl":"png","refId":"image_4","sr":1,"ks":{"o":{"a":0,"k":100,"ix":11},"r":{"a":0,"k":0,"ix":10},"p":{"a":0,"k":[310,210,0],"ix":2},"a":{"a":0,"k":[310,210,0],"ix":1},"s":{"a":0,"k":[100,100,100],"ix":6}},"ao":0,"ip":4,"op":5,"st":4,"bm":0},{"ddd":0,"ind":6,"ty":2,"nm":"shake_5.png","cl":"png","refId":"image_5","sr":1,"ks":{"o":{"a":0,"k":100,"ix":11},"r":{"a":0,"k":0,"ix":10},"p":{"a":0,"k":[310,210,0],"ix":2},"a":{"a":0,"k":[310,210,0],"ix":1},"s":{"a":0,"k":[100,100,100],"ix":6}},"ao":0,"ip":5,"op":6,"st":5,"bm":0},{"ddd":0,"ind":7,"ty":2,"nm":"shake_6.png","cl":"png","refId":"image_6","sr":1,"ks":{"o":{"a":0,"k":100,"ix":11},"r":{"a":0,"k":0,"ix":10},"p":{"a":0,"k":[310,210,0],"ix":2},"a":{"a":0,"k":[310,210,0],"ix":1},"s":{"a":0,"k":[100,100,100],"ix":6}},"ao":0,"ip":6,"op":7,"st":6,"bm":0},{"ddd":0,"ind":8,"ty":2,"nm":"shake_7.png","cl":"png","refId":"image_7","sr":1,"ks":{"o":{"a":0,"k":100,"ix":11},"r":{"a":0,"k":0,"ix":10},"p":{"a":0,"k":[310,210,0],"ix":2},"a":{"a":0,"k":[310,210,0],"ix":1},"s":{"a":0,"k":[100,100,100],"ix":6}},"ao":0,"ip":7,"op":8,"st":7,"bm":0},{"ddd":0,"ind":9,"ty":2,"nm":"shake_8.png","cl":"png","refId":"image_8","sr":1,"ks":{"o":{"a":0,"k":100,"ix":11},"r":{"a":0,"k":0,"ix":10},"p":{"a":0,"k":[310,210,0],"ix":2},"a":{"a":0,"k":[310,210,0],"ix":1},"s":{"a":0,"k":[100,100,100],"ix":6}},"ao":0,"ip":8,"op":9,"st":8,"bm":0},{"ddd":0,"ind":10,"ty":2,"nm":"shake_9.png","cl":"png","refId":"image_9","sr":1,"ks":{"o":{"a":0,"k":100,"ix":11},"r":{"a":0,"k":0,"ix":10},"p":{"a":0,"k":[310,210,0],"ix":2},"a":{"a":0,"k":[310,210,0],"ix":1},"s":{"a":0,"k":[100,100,100],"ix":6}},"ao":0,"ip":9,"op":10,"st":9,"bm":0},{"ddd":0,"ind":11,"ty":2,"nm":"shake_10.png","cl":"png","refId":"image_10","sr":1,"ks":{"o":{"a":0,"k":100,"ix":11},"r":{"a":0,"k":0,"ix":10},"p":{"a":0,"k":[310,210,0],"ix":2},"a":{"a":0,"k":[310,210,0],"ix":1},"s":{"a":0,"k":[100,100,100],"ix":6}},"ao":0,"ip":10,"op":11,"st":10,"bm":0},{"ddd":0,"ind":12,"ty":2,"nm":"shake_11.png","cl":"png","refId":"image_11","sr":1,"ks":{"o":{"a":0,"k":100,"ix":11},"r":{"a":0,"k":0,"ix":10},"p":{"a":0,"k":[310,210,0],"ix":2},"a":{"a":0,"k":[310,210,0],"ix":1},"s":{"a":0,"k":[100,100,100],"ix":6}},"ao":0,"ip":11,"op":12,"st":11,"bm":0},{"ddd":0,"ind":13,"ty":2,"nm":"shake_12.png","cl":"png","refId":"image_12","sr":1,"ks":{"o":{"a":0,"k":100,"ix":11},"r":{"a":0,"k":0,"ix":10},"p":{"a":0,"k":[310,210,0],"ix":2},"a":{"a":0,"k":[310,210,0],"ix":1},"s":{"a":0,"k":[100,100,100],"ix":6}},"ao":0,"ip":12,"op":13,"st":12,"bm":0},{"ddd":0,"ind":14,"ty":2,"nm":"shake_13.png","cl":"png","refId":"image_13","sr":1,"ks":{"o":{"a":0,"k":100,"ix":11},"r":{"a":0,"k":0,"ix":10},"p":{"a":0,"k":[310,210,0],"ix":2},"a":{"a":0,"k":[310,210,0],"ix":1},"s":{"a":0,"k":[100,100,100],"ix":6}},"ao":0,"ip":13,"op":14,"st":13,"bm":0},{"ddd":0,"ind":15,"ty":2,"nm":"shake_14.png","cl":"png","refId":"image_14","sr":1,"ks":{"o":{"a":0,"k":100,"ix":11},"r":{"a":0,"k":0,"ix":10},"p":{"a":0,"k":[310,210,0],"ix":2},"a":{"a":0,"k":[310,210,0],"ix":1},"s":{"a":0,"k":[100,100,100],"ix":6}},"ao":0,"ip":14,"op":15,"st":14,"bm":0},{"ddd":0,"ind":16,"ty":2,"nm":"shake_15.png","cl":"png","refId":"image_15","sr":1,"ks":{"o":{"a":0,"k":100,"ix":11},"r":{"a":0,"k":0,"ix":10},"p":{"a":0,"k":[310,210,0],"ix":2},"a":{"a":0,"k":[310,210,0],"ix":1},"s":{"a":0,"k":[100,100,100],"ix":6}},"ao":0,"ip":15,"op":16,"st":15,"bm":0},{"ddd":0,"ind":17,"ty":2,"nm":"shake_16.png","cl":"png","refId":"image_16","sr":1,"ks":{"o":{"a":0,"k":100,"ix":11},"r":{"a":0,"k":0,"ix":10},"p":{"a":0,"k":[310,210,0],"ix":2},"a":{"a":0,"k":[310,210,0],"ix":1},"s":{"a":0,"k":[100,100,100],"ix":6}},"ao":0,"ip":16,"op":17,"st":16,"bm":0},{"ddd":0,"ind":18,"ty":2,"nm":"shake_17.png","cl":"png","refId":"image_17","sr":1,"ks":{"o":{"a":0,"k":100,"ix":11},"r":{"a":0,"k":0,"ix":10},"p":{"a":0,"k":[310,210,0],"ix":2},"a":{"a":0,"k":[310,210,0],"ix":1},"s":{"a":0,"k":[100,100,100],"ix":6}},"ao":0,"ip":17,"op":18,"st":17,"bm":0},{"ddd":0,"ind":19,"ty":2,"nm":"shake_18.png","cl":"png","refId":"image_18","sr":1,"ks":{"o":{"a":0,"k":100,"ix":11},"r":{"a":0,"k":0,"ix":10},"p":{"a":0,"k":[310,210,0],"ix":2},"a":{"a":0,"k":[310,210,0],"ix":1},"s":{"a":0,"k":[100,100,100],"ix":6}},"ao":0,"ip":18,"op":19,"st":18,"bm":0},{"ddd":0,"ind":20,"ty":2,"nm":"shake_19.png","cl":"png","refId":"image_19","sr":1,"ks":{"o":{"a":0,"k":100,"ix":11},"r":{"a":0,"k":0,"ix":10},"p":{"a":0,"k":[310,210,0],"ix":2},"a":{"a":0,"k":[310,210,0],"ix":1},"s":{"a":0,"k":[100,100,100],"ix":6}},"ao":0,"ip":19,"op":20,"st":19,"bm":0},{"ddd":0,"ind":21,"ty":2,"nm":"shake_20.png","cl":"png","refId":"image_20","sr":1,"ks":{"o":{"a":0,"k":100,"ix":11},"r":{"a":0,"k":0,"ix":10},"p":{"a":0,"k":[310,210,0],"ix":2},"a":{"a":0,"k":[310,210,0],"ix":1},"s":{"a":0,"k":[100,100,100],"ix":6}},"ao":0,"ip":20,"op":21,"st":20,"bm":0},{"ddd":0,"ind":22,"ty":2,"nm":"shake_21.png","cl":"png","refId":"image_21","sr":1,"ks":{"o":{"a":0,"k":100,"ix":11},"r":{"a":0,"k":0,"ix":10},"p":{"a":0,"k":[310,210,0],"ix":2},"a":{"a":0,"k":[310,210,0],"ix":1},"s":{"a":0,"k":[100,100,100],"ix":6}},"ao":0,"ip":21,"op":22,"st":21,"bm":0},{"ddd":0,"ind":23,"ty":2,"nm":"shake_22.png","cl":"png","refId":"image_22","sr":1,"ks":{"o":{"a":0,"k":100,"ix":11},"r":{"a":0,"k":0,"ix":10},"p":{"a":0,"k":[310,210,0],"ix":2},"a":{"a":0,"k":[310,210,0],"ix":1},"s":{"a":0,"k":[100,100,100],"ix":6}},"ao":0,"ip":22,"op":23,"st":22,"bm":0},{"ddd":0,"ind":24,"ty":2,"nm":"shake_23.png","cl":"png","refId":"image_23","sr":1,"ks":{"o":{"a":0,"k":100,"ix":11},"r":{"a":0,"k":0,"ix":10},"p":{"a":0,"k":[310,210,0],"ix":2},"a":{"a":0,"k":[310,210,0],"ix":1},"s":{"a":0,"k":[100,100,100],"ix":6}},"ao":0,"ip":23,"op":24,"st":23,"bm":0}],"markers":[]}