{"v":"5.2.1","fr":30,"ip":0,"op":40,"w":620,"h":420,"nm":"灯光","ddd":0,"assets":[{"id":"image_0","w":181,"h":361,"u":"images/","p":"img_0.png","e":0},{"id":"image_1","w":91,"h":378,"u":"images/","p":"img_1.png","e":0},{"id":"image_2","w":91,"h":378,"u":"images/","p":"img_2.png","e":0}],"layers":[{"ddd":0,"ind":1,"ty":3,"nm":"NULL CONTROL","sr":1,"ks":{"o":{"a":0,"k":0,"ix":11},"r":{"a":0,"k":0,"ix":10},"p":{"a":0,"k":[310.897,22.447,0],"ix":2},"a":{"a":0,"k":[60,60,0],"ix":1},"s":{"a":0,"k":[100,100,100],"ix":6}},"ao":0,"ip":0,"op":3302,"st":0,"bm":0},{"ddd":0,"ind":2,"ty":2,"nm":"大灯左","parent":1,"refId":"image_0","sr":1,"ks":{"o":{"a":0,"k":100,"ix":11},"r":{"a":1,"k":[{"i":{"x":[0.52],"y":[0.935]},"o":{"x":[0.48],"y":[0.065]},"n":["0p52_0p935_0p48_0p065"],"t":0,"s":[-10],"e":[10]},{"i":{"x":[0.52],"y":[1]},"o":{"x":[0.167],"y":[0]},"n":["0p52_1_0p167_0"],"t":20,"s":[10],"e":[-10]},{"i":{"x":[0.52],"y":[0.935]},"o":{"x":[0.48],"y":[0.065]},"n":["0p52_0p935_0p48_0p065"],"t":40,"s":[-10],"e":[10]},{"i":{"x":[0.833],"y":[1]},"o":{"x":[0.167],"y":[0]},"n":["0p833_1_0p167_0"],"t":60,"s":[10],"e":[-10]},{"i":{"x":[0.52],"y":[0.935]},"o":{"x":[0.48],"y":[0.065]},"n":["0p52_0p935_0p48_0p065"],"t":80,"s":[-10],"e":[10]},{"i":{"x":[0.52],"y":[1]},"o":{"x":[0.167],"y":[0]},"n":["0p52_1_0p167_0"],"t":100,"s":[10],"e":[-10]},{"t":116}],"ix":10},"p":{"a":0,"k":[-9.914,37.951,0],"ix":2},"a":{"a":0,"k":[90.5,0,0],"ix":1},"s":{"a":0,"k":[100,100,100],"ix":6}},"ao":0,"ip":0,"op":3302,"st":0,"bm":0},{"ddd":0,"ind":3,"ty":2,"nm":"大灯右","parent":1,"refId":"image_0","sr":1,"ks":{"o":{"a":0,"k":100,"ix":11},"r":{"a":1,"k":[{"i":{"x":[0.52],"y":[0.935]},"o":{"x":[0.48],"y":[0.065]},"n":["0p52_0p935_0p48_0p065"],"t":0,"s":[10],"e":[-10]},{"i":{"x":[0.52],"y":[1]},"o":{"x":[0.167],"y":[0]},"n":["0p52_1_0p167_0"],"t":20,"s":[-10],"e":[10]},{"i":{"x":[0.52],"y":[0.935]},"o":{"x":[0.48],"y":[0.065]},"n":["0p52_0p935_0p48_0p065"],"t":40,"s":[10],"e":[-10]},{"i":{"x":[0.833],"y":[1]},"o":{"x":[0.167],"y":[0]},"n":["0p833_1_0p167_0"],"t":60,"s":[-10],"e":[10]},{"i":{"x":[0.52],"y":[0.935]},"o":{"x":[0.48],"y":[0.065]},"n":["0p52_0p935_0p48_0p065"],"t":80,"s":[10],"e":[-10]},{"i":{"x":[0.52],"y":[1]},"o":{"x":[0.167],"y":[0]},"n":["0p52_1_0p167_0"],"t":100,"s":[-10],"e":[10]},{"t":116}],"ix":10},"p":{"a":0,"k":[120.086,37.951,0],"ix":2},"a":{"a":0,"k":[90.5,0,0],"ix":1},"s":{"a":0,"k":[100,100,100],"ix":6}},"ao":0,"ip":0,"op":3302,"st":0,"bm":0},{"ddd":0,"ind":4,"ty":2,"nm":"灯右二","parent":1,"refId":"image_1","sr":1,"ks":{"o":{"a":0,"k":100,"ix":11},"r":{"a":1,"k":[{"i":{"x":[0.52],"y":[0.944]},"o":{"x":[0.48],"y":[0.056]},"n":["0p52_0p944_0p48_0p056"],"t":0,"s":[-15],"e":[20]},{"i":{"x":[0.52],"y":[1]},"o":{"x":[0.167],"y":[0]},"n":["0p52_1_0p167_0"],"t":20,"s":[20],"e":[-15]},{"i":{"x":[0.52],"y":[0.944]},"o":{"x":[0.48],"y":[0.056]},"n":["0p52_0p944_0p48_0p056"],"t":40,"s":[-15],"e":[20]},{"i":{"x":[0.833],"y":[1]},"o":{"x":[0.167],"y":[0]},"n":["0p833_1_0p167_0"],"t":60,"s":[20],"e":[-15]},{"i":{"x":[0.52],"y":[0.944]},"o":{"x":[0.48],"y":[0.056]},"n":["0p52_0p944_0p48_0p056"],"t":80,"s":[-15],"e":[20]},{"i":{"x":[0.52],"y":[1]},"o":{"x":[0.167],"y":[0]},"n":["0p52_1_0p167_0"],"t":100,"s":[20],"e":[-15]},{"t":116}],"ix":10},"p":{"a":0,"k":[256.35,79.949,0],"ix":2},"a":{"a":0,"k":[45.5,0,0],"ix":1},"s":{"a":0,"k":[100,100,100],"ix":6}},"ao":0,"ip":0,"op":3302,"st":0,"bm":0},{"ddd":0,"ind":5,"ty":2,"nm":"灯左一","parent":1,"refId":"image_2","sr":1,"ks":{"o":{"a":0,"k":100,"ix":11},"r":{"a":1,"k":[{"i":{"x":[0.52],"y":[0.944]},"o":{"x":[0.48],"y":[0.056]},"n":["0p52_0p944_0p48_0p056"],"t":0,"s":[15],"e":[-20]},{"i":{"x":[0.52],"y":[1]},"o":{"x":[0.167],"y":[0]},"n":["0p52_1_0p167_0"],"t":20,"s":[-20],"e":[15]},{"i":{"x":[0.52],"y":[0.944]},"o":{"x":[0.48],"y":[0.056]},"n":["0p52_0p944_0p48_0p056"],"t":40,"s":[15],"e":[-20]},{"i":{"x":[0.833],"y":[1]},"o":{"x":[0.167],"y":[0]},"n":["0p833_1_0p167_0"],"t":60,"s":[-20],"e":[15]},{"i":{"x":[0.52],"y":[0.944]},"o":{"x":[0.48],"y":[0.056]},"n":["0p52_0p944_0p48_0p056"],"t":80,"s":[15],"e":[-20]},{"i":{"x":[0.52],"y":[1]},"o":{"x":[0.167],"y":[0]},"n":["0p52_1_0p167_0"],"t":100,"s":[-20],"e":[15]},{"t":116}],"ix":10},"p":{"a":0,"k":[-136.351,82.049,0],"ix":2},"a":{"a":0,"k":[45.5,0,0],"ix":1},"s":{"a":0,"k":[100,100,100],"ix":6}},"ao":0,"ip":0,"op":3302,"st":0,"bm":0}],"markers":[]}